{
  "name": "Plot",
  "interval": 4.0,
  "data": [
    -4.74696037E-07,
    -1.306379E-06,
    5.54095641E-06,
    3.520742E-05,
    5.20207577E-05,
    6.040255E-05,
    -4.312952E-05,
    -0.0001125016,
    -0.000182604315,
    -0.000158417635,
    -0.000116178962,
    -0.000132905217,
    -0.000374353229,
    -0.000681534468,
    -0.000318326434,
    0.000463295582,
    -0.000379432429,
    -0.00378769,
    -0.00547472,
    0.000427490973,
    0.01129542,
    0.01534481,
    0.00580368,
    -0.00856397,
    -0.01388226,
    -0.00761286,
    0.00137434,
    0.00595682,
    0.00596679,
    0.0031812,
    -0.00125056,
    -0.00466955,
    -0.00398068,
    -6.511078E-05,
    0.00263525,
    0.00135817,
    -0.00222557,
    -0.00419043,
    -0.00252298,
    0.00150468,
    0.00427969,
    0.00348717,
    0.0004753701,
    -0.00111418,
    -0.000125264851,
    0.000676455442,
    -0.00110193,
    -0.00380943,
    -0.00426841,
    -0.00202688,
    0.0010157,
    0.00342666,
    0.00453182,
    0.00341483,
    -9.03119653E-05,
    -0.00399398,
    -0.00504003,
    -0.00176624,
    0.00331933,
    0.00576494,
    0.00382156,
    0.0001423753,
    -0.00211393,
    -0.00250719,
    -0.00185713,
    -0.000137203955,
    0.00231429,
    0.00343645,
    0.00150276,
    -0.00219182,
    -0.00395536,
    -0.00174808,
    0.00208693,
    0.00311306,
    4.12003355E-05,
    -0.00379334,
    -0.00467363,
    -0.00218674,
    0.00148802,
    0.00418122,
    0.00460599,
    0.00209465,
    -0.00219807,
    -0.00469068,
    -0.00215968,
    0.00351081,
    0.00612001,
    0.00310432,
    -0.00089744007,
    -0.000968101,
    0.00038296447,
    -0.00236524,
    -0.0079986,
    -0.00873421,
    -0.0005652815,
    0.01055785,
    0.01466104,
    0.00731156,
    -0.00676257,
    -0.01739577,
    -0.01596056,
    -0.00286475,
    0.01101428,
    0.01418228,
    0.00656275,
    -0.00172098,
    -0.00346449,
    -0.0009734991,
    0.000434765418,
    -0.000243561532,
    -0.0008727824,
    -0.00062934903,
    -0.000224004849,
    -0.000182482108,
    -0.000228735182,
    -0.0001996109,
    -0.000192361782,
    -0.000148790728,
    -9.552399E-05,
    -1.22132833E-05,
    1.02157173E-05
  ],
  "modifiedData": [
    -2.11596884E-07,
    -6.995986E-07,
    2.08214374E-06,
    1.68478145E-05,
    3.25262372E-05,
    4.49521722E-05,
    5.68954829E-06,
    -4.699444E-05,
    -0.000107442866,
    -0.00013016499,
    -0.000123930688,
    -0.000127931111,
    -0.000237774351,
    -0.0004355815,
    -0.000383314764,
    -5.936185E-06,
    -0.000172423024,
    -0.00178393687,
    -0.00342911226,
    -0.00171002222,
    0.00408718456,
    0.009105298,
    0.007633594,
    0.0004134911,
    -0.005958874,
    -0.006696142,
    -0.00309870532,
    0.000937816745,
    0.00317949359,
    0.00318025425,
    0.00120520825,
    -0.00141347921,
    -0.002557815,
    -0.00144668622,
    0.0003728466,
    0.0008120568,
    -0.0005419725,
    -0.00216828124,
    -0.002326389,
    -0.0006186809,
    0.00156477955,
    0.00242168969,
    0.00155411311,
    0.000364715117,
    0.000146305378,
    0.000382621045,
    -0.00027912113,
    -0.00185276475,
    -0.00292954454,
    -0.00252717966,
    -0.0009479326,
    0.00100205257,
    0.00257545477,
    0.00294960826,
    0.00159455661,
    -0.000896546931,
    -0.00274351449,
    -0.002307892,
    0.000200455586,
    0.00268083764,
    0.00318931742,
    0.00183113571,
    7.261329E-05,
    -0.00107734022,
    -0.00142493332,
    -0.0008509249,
    0.0005599772,
    0.00184217177,
    0.00169087818,
    -3.984376E-05,
    -0.0017851945,
    -0.0017686506,
    -5.00163733E-05,
    0.00135993247,
    0.0007721045,
    -0.00126295327,
    -0.00278327055,
    -0.00251736562,
    -0.000731955457,
    0.00145810435,
    0.00286128186,
    0.00251955376,
    0.0004166617,
    -0.00185994816,
    -0.00199355441,
    0.0004600291,
    0.002982979,
    0.00303706713,
    0.00128325121,
    0.0002797056,
    0.000325733476,
    -0.0008737743,
    -0.004049682,
    -0.006137822,
    -0.00365384878,
    0.00268104975,
    0.008021159,
    0.00770485355,
    0.00125596509,
    -0.00705809053,
    -0.0110263871,
    -0.007388318,
    0.0008146839,
    0.00677332142,
    0.00667945854,
    0.002934943,
    8.23804949E-05,
    -0.000388280343,
    -2.14057345E-05,
    -0.000120432211,
    -0.0004557941,
    -0.0005331566,
    -0.000395351468,
    -0.000300464453,
    -0.000268490956,
    -0.0002377875,
    -0.00021753888,
    -0.000186894235,
    -0.000146165723,
    -8.64561E-05,
    0.0
  ],
  "highPassFrequencyCut": 0.0,
  "lowPassFrequencyCut": 32.0
}