{
  "name": "Plot",
  "interval": 4.0,
  "data": [
    -4.74696037E-07,
    -1.306379E-06,
    5.54095641E-06,
    3.520742E-05,
    5.20207577E-05,
    6.040255E-05,
    -4.312952E-05,
    -0.0001125016,
    -0.000182604315,
    -0.000158417635,
    -0.000116178962,
    -0.000132905217,
    -0.000374353229,
    -0.000681534468,
    -0.000318326434,
    0.000463295582,
    -0.000379432429,
    -0.00378769,
    -0.00547472,
    0.000427490973,
    0.01129542,
    0.01534481,
    0.00580368,
    -0.00856397,
    -0.01388226,
    -0.00761286,
    0.00137434,
    0.00595682,
    0.00596679,
    0.0031812,
    -0.00125056,
    -0.00466955,
    -0.00398068,
    -6.511078E-05,
    0.00263525,
    0.00135817,
    -0.00222557,
    -0.00419043,
    -0.00252298,
    0.00150468,
    0.00427969,
    0.00348717,
    0.0004753701,
    -0.00111418,
    -0.000125264851,
    0.000676455442,
    -0.00110193,
    -0.00380943,
    -0.00426841,
    -0.00202688,
    0.0010157,
    0.00342666,
    0.00453182,
    0.00341483,
    -9.03119653E-05,
    -0.00399398,
    -0.00504003,
    -0.00176624,
    0.00331933,
    0.00576494,
    0.00382156,
    0.0001423753,
    -0.00211393,
    -0.00250719,
    -0.00185713,
    -0.000137203955,
    0.00231429,
    0.00343645,
    0.00150276,
    -0.00219182,
    -0.00395536,
    -0.00174808,
    0.00208693,
    0.00311306,
    4.12003355E-05,
    -0.00379334,
    -0.00467363,
    -0.00218674,
    0.00148802,
    0.00418122,
    0.00460599,
    0.00209465,
    -0.00219807,
    -0.00469068,
    -0.00215968,
    0.00351081,
    0.00612001,
    0.00310432,
    -0.00089744007,
    -0.000968101,
    0.00038296447,
    -0.00236524,
    -0.0079986,
    -0.00873421,
    -0.0005652815,
    0.01055785,
    0.01466104,
    0.00731156,
    -0.00676257,
    -0.01739577,
    -0.01596056,
    -0.00286475,
    0.01101428,
    0.01418228,
    0.00656275,
    -0.00172098,
    -0.00346449,
    -0.0009734991,
    0.000434765418,
    -0.000243561532,
    -0.0008727824,
    -0.00062934903,
    -0.000224004849,
    -0.000182482108,
    -0.000228735182,
    -0.0001996109,
    -0.000192361782,
    -0.000148790728,
    -9.552399E-05,
    -1.22132833E-05,
    1.02157173E-05
  ],
  "modifiedData": [
    -6.15375639E-10,
    -1.95699235E-09,
    6.346272E-09,
    4.83628E-08,
    8.813642E-08,
    1.15947628E-07,
    -6.51096865E-09,
    -1.49068043E-07,
    -3.009675E-07,
    -3.343901E-07,
    -2.93427973E-07,
    -2.97002231E-07,
    -6.11033443E-07,
    -1.14318709E-06,
    -8.991235E-07,
    2.20583345E-07,
    -3.90979324E-07,
    -5.07150253E-06,
    -9.261683E-06,
    -3.39556E-06,
    1.32204432E-05,
    2.55894556E-05,
    1.84936289E-05,
    -3.21365974E-06,
    -1.94331587E-05,
    -1.82442745E-05,
    -6.051419E-06,
    5.140402E-06,
    9.955191E-06,
    8.396616E-06,
    1.96717633E-06,
    -5.232031E-06,
    -7.42454449E-06,
    -3.27829139E-06,
    2.01016087E-06,
    2.62434173E-06,
    -1.7619567E-06,
    -6.191496E-06,
    -5.923274E-06,
    -5.765637E-07,
    5.32003969E-06,
    6.818128E-06,
    3.54603048E-06,
    7.287231E-08,
    -1.381563E-07,
    8.106881E-07,
    -1.08827328E-06,
    -5.41254258E-06,
    -7.8570165E-06,
    -5.98847828E-06,
    -1.23079758E-06,
    3.9417996E-06,
    7.59111163E-06,
    7.698718E-06,
    3.187886E-06,
    -3.8170374E-06,
    -8.177537E-06,
    -5.793851E-06,
    1.8333709E-06,
    8.279079E-06,
    8.516206E-06,
    3.83402767E-06,
    -1.11008092E-06,
    -3.74314754E-06,
    -4.02582373E-06,
    -1.91080358E-06,
    2.17959064E-06,
    5.3887843E-06,
    4.25224334E-06,
    -1.03305285E-06,
    -5.58927877E-06,
    -4.67672862E-06,
    6.950616E-07,
    4.333097E-06,
    1.90721914E-06,
    -4.109709E-06,
    -7.830147E-06,
    -6.19203729E-06,
    -7.135239E-07,
    5.133913E-06,
    8.18922854E-06,
    6.232914E-06,
    -1.83541815E-07,
    -6.17257047E-06,
    -5.455237E-06,
    2.21341179E-06,
    8.888349E-06,
    7.832868E-06,
    2.178074E-06,
    -3.47891842E-07,
    3.18413669E-07,
    -2.95838322E-06,
    -1.16646579E-05,
    -1.63405966E-05,
    -7.732686E-06,
    1.040009E-05,
    2.34956351E-05,
    1.95568409E-05,
    -4.147504E-07,
    -2.27829933E-05,
    -3.04981713E-05,
    -1.67854232E-05,
    7.12971269E-06,
    2.15039836E-05,
    1.77681577E-05,
    5.39329676E-06,
    -2.19531148E-06,
    -2.22420545E-06,
    -4.072067E-07,
    -5.04851243E-07,
    -1.361654E-06,
    -1.41203361E-06,
    -9.058025E-07,
    -6.32828062E-07,
    -5.74371654E-07,
    -5.10507E-07,
    -4.72784933E-07,
    -3.99278264E-07,
    -2.97946684E-07,
    -1.45880563E-07,
    0.0
  ],
  "highPassFrequencyCut": 52.5,
  "lowPassFrequencyCut": 0.12
}