{
  "name": "Plot",
  "interval": 4.0,
  "data": [
    -4.74696037E-07,
    -1.306379E-06,
    5.54095641E-06,
    3.520742E-05,
    5.20207577E-05,
    6.040255E-05,
    -4.312952E-05,
    -0.0001125016,
    -0.000182604315,
    -0.000158417635,
    -0.000116178962,
    -0.000132905217,
    -0.000374353229,
    -0.000681534468,
    -0.000318326434,
    0.000463295582,
    -0.000379432429,
    -0.00378769,
    -0.00547472,
    0.000427490973,
    0.01129542,
    0.01534481,
    0.00580368,
    -0.00856397,
    -0.01388226,
    -0.00761286,
    0.00137434,
    0.00595682,
    0.00596679,
    0.0031812,
    -0.00125056,
    -0.00466955,
    -0.00398068,
    -6.511078E-05,
    0.00263525,
    0.00135817,
    -0.00222557,
    -0.00419043,
    -0.00252298,
    0.00150468,
    0.00427969,
    0.00348717,
    0.0004753701,
    -0.00111418,
    -0.000125264851,
    0.000676455442,
    -0.00110193,
    -0.00380943,
    -0.00426841,
    -0.00202688,
    0.0010157,
    0.00342666,
    0.00453182,
    0.00341483,
    -9.03119653E-05,
    -0.00399398,
    -0.00504003,
    -0.00176624,
    0.00331933,
    0.00576494,
    0.00382156,
    0.0001423753,
    -0.00211393,
    -0.00250719,
    -0.00185713,
    -0.000137203955,
    0.00231429,
    0.00343645,
    0.00150276,
    -0.00219182,
    -0.00395536,
    -0.00174808,
    0.00208693,
    0.00311306,
    4.12003355E-05,
    -0.00379334,
    -0.00467363,
    -0.00218674,
    0.00148802,
    0.00418122,
    0.00460599,
    0.00209465,
    -0.00219807,
    -0.00469068,
    -0.00215968,
    0.00351081,
    0.00612001,
    0.00310432,
    -0.00089744007,
    -0.000968101,
    0.00038296447,
    -0.00236524,
    -0.0079986,
    -0.00873421,
    -0.0005652815,
    0.01055785,
    0.01466104,
    0.00731156,
    -0.00676257,
    -0.01739577,
    -0.01596056,
    -0.00286475,
    0.01101428,
    0.01418228,
    0.00656275,
    -0.00172098,
    -0.00346449,
    -0.0009734991,
    0.000434765418,
    -0.000243561532,
    -0.0008727824,
    -0.00062934903,
    -0.000224004849,
    -0.000182482108,
    -0.000228735182,
    -0.0001996109,
    -0.000192361782,
    -0.000148790728,
    -9.552399E-05,
    -1.22132833E-05,
    1.02157173E-05
  ],
  "modifiedData": [
    -6.841978E-08,
    -2.19007475E-07,
    7.052829E-07,
    5.41201143E-06,
    9.897161E-06,
    1.27265712E-05,
    -1.64281494E-06,
    -1.90142109E-05,
    -3.679748E-05,
    -3.991679E-05,
    -3.25630826E-05,
    -2.87808289E-05,
    -5.952461E-05,
    -0.000115515722,
    -8.398732E-05,
    5.1193234E-05,
    -3.50429627E-06,
    -0.0005230126,
    -0.0009991269,
    -0.000324256631,
    0.0016175193,
    0.00309633953,
    0.0022678012,
    -0.000399327779,
    -0.00252746325,
    -0.00255023059,
    -0.00108197739,
    0.000422383135,
    0.00117752445,
    0.0010844121,
    0.000318535545,
    -0.000596628059,
    -0.0009312382,
    -0.00047385486,
    0.0001881483,
    0.000335585151,
    -0.000128399246,
    -0.000644200249,
    -0.0006261076,
    9.208556E-06,
    0.000739739568,
    0.00095278275,
    0.0005607228,
    8.65882248E-05,
    -2.4341296E-05,
    3.51436174E-05,
    -0.00019271535,
    -0.0006877911,
    -0.0009622257,
    -0.000712510257,
    -9.2159964E-05,
    0.0005854407,
    0.0010555872,
    0.00106322742,
    0.000484970631,
    -0.000414293172,
    -0.00100388471,
    -0.0007666761,
    0.0001455421,
    0.0009630823,
    0.00103942922,
    0.0004736317,
    -0.000180874122,
    -0.0005656818,
    -0.0006316241,
    -0.00037234294,
    0.000143154015,
    0.0005632807,
    0.0004627962,
    -0.000155635455,
    -0.000720968,
    -0.0006453293,
    -6.38597E-06,
    0.000475093082,
    0.000248935248,
    -0.000439695665,
    -0.0008937406,
    -0.000707263,
    -2.914368E-05,
    0.00071469,
    0.00111193617,
    0.00087651395,
    7.15459246E-05,
    -0.0007125812,
    -0.000704960665,
    0.000167396152,
    0.00098615,
    0.0009069022,
    0.000223092051,
    -0.000159763338,
    -0.0001530578,
    -0.000534582243,
    -0.00150671962,
    -0.00201041345,
    -0.0009499438,
    0.00127498049,
    0.00293399277,
    0.00252705137,
    0.000103247708,
    -0.00270049879,
    -0.0037597334,
    -0.00215203,
    0.0008425065,
    0.00279929978,
    0.00251844316,
    0.0009955909,
    -0.000121784629,
    -0.0003364745,
    -0.000221048074,
    -0.000242624985,
    -0.000326988171,
    -0.0003121942,
    -0.000223439114,
    -0.000154993308,
    -0.000114746181,
    -8.125203E-05,
    -5.685817E-05,
    -3.37408928E-05,
    -1.15665316E-05,
    1.2840067E-05,
    0.0
  ],
  "highPassFrequencyCut": 20.0,
  "lowPassFrequencyCut": 11.0
}