{
  "name": "Plot",
  "interval": 4.0,
  "data": [
    -4.74696037E-07,
    -1.306379E-06,
    5.54095641E-06,
    3.520742E-05,
    5.20207577E-05,
    6.040255E-05,
    -4.312952E-05,
    -0.0001125016,
    -0.000182604315,
    -0.000158417635,
    -0.000116178962,
    -0.000132905217,
    -0.000374353229,
    -0.000681534468,
    -0.000318326434,
    0.000463295582,
    -0.000379432429,
    -0.00378769,
    -0.00547472,
    0.000427490973,
    0.01129542,
    0.01534481,
    0.00580368,
    -0.00856397,
    -0.01388226,
    -0.00761286,
    0.00137434,
    0.00595682,
    0.00596679,
    0.0031812,
    -0.00125056,
    -0.00466955,
    -0.00398068,
    -6.511078E-05,
    0.00263525,
    0.00135817,
    -0.00222557,
    -0.00419043,
    -0.00252298,
    0.00150468,
    0.00427969,
    0.00348717,
    0.0004753701,
    -0.00111418,
    -0.000125264851,
    0.000676455442,
    -0.00110193,
    -0.00380943,
    -0.00426841,
    -0.00202688,
    0.0010157,
    0.00342666,
    0.00453182,
    0.00341483,
    -9.03119653E-05,
    -0.00399398,
    -0.00504003,
    -0.00176624,
    0.00331933,
    0.00576494,
    0.00382156,
    0.0001423753,
    -0.00211393,
    -0.00250719,
    -0.00185713,
    -0.000137203955,
    0.00231429,
    0.00343645,
    0.00150276,
    -0.00219182,
    -0.00395536,
    -0.00174808,
    0.00208693,
    0.00311306,
    4.12003355E-05,
    -0.00379334,
    -0.00467363,
    -0.00218674,
    0.00148802,
    0.00418122,
    0.00460599,
    0.00209465,
    -0.00219807,
    -0.00469068,
    -0.00215968,
    0.00351081,
    0.00612001,
    0.00310432,
    -0.00089744007,
    -0.000968101,
    0.00038296447,
    -0.00236524,
    -0.0079986,
    -0.00873421,
    -0.0005652815,
    0.01055785,
    0.01466104,
    0.00731156,
    -0.00676257,
    -0.01739577,
    -0.01596056,
    -0.00286475,
    0.01101428,
    0.01418228,
    0.00656275,
    -0.00172098,
    -0.00346449,
    -0.0009734991,
    0.000434765418,
    -0.000243561532,
    -0.0008727824,
    -0.00062934903,
    -0.000224004849,
    -0.000182482108,
    -0.000228735182,
    -0.0001996109,
    -0.000192361782,
    -0.000148790728,
    -9.552399E-05,
    -1.22132833E-05,
    1.02157173E-05
  ],
  "modifiedData": [
    -2.74413082E-07,
    -8.67724054E-07,
    2.84848829E-06,
    2.152584E-05,
    3.88920453E-05,
    5.076505E-05,
    -4.38561847E-06,
    -6.732559E-05,
    -0.000133641763,
    -0.000146561128,
    -0.000126859159,
    -0.00012781017,
    -0.0002672239,
    -0.0005014129,
    -0.000386319618,
    0.000114904244,
    -0.000165037534,
    -0.002250587,
    -0.004080343,
    -0.001408913,
    0.00598691264,
    0.0113667836,
    0.008031294,
    -0.00169173,
    -0.008788322,
    -0.00806686748,
    -0.00253737532,
    0.00241434667,
    0.004461753,
    0.00368052418,
    0.0007787943,
    -0.00240363367,
    -0.00331384316,
    -0.00141310308,
    0.000941818347,
    0.00117541826,
    -0.000804587267,
    -0.00275751343,
    -0.002590933,
    -0.00018228688,
    0.00242091715,
    0.00303108268,
    0.00152967882,
    -1.81124415E-05,
    -8.78185238E-05,
    0.0003471354,
    -0.00050216954,
    -0.00241711852,
    -0.00346553279,
    -0.00258913962,
    -0.000455786823,
    0.00182406744,
    0.00339984079,
    0.003392366,
    0.00134822389,
    -0.00176145544,
    -0.00364723988,
    -0.00252035982,
    0.000897518767,
    0.00372385723,
    0.00375552732,
    0.00162541424,
    -0.0005687922,
    -0.00170300528,
    -0.00178985216,
    -0.000823785551,
    0.0009973404,
    0.00239643175,
    0.001847988,
    -0.000523129944,
    -0.002522994,
    -0.00206482271,
    0.0003510084,
    0.00194387021,
    0.0008197493,
    -0.00186637614,
    -0.003480345,
    -0.002696435,
    -0.0002354911,
    0.002342326,
    0.00364600588,
    0.00271864515,
    -0.000159077943,
    -0.00279194559,
    -0.002407804,
    0.00103989884,
    0.00397254527,
    0.00342730642,
    0.00087305787,
    -0.000230165038,
    9.46502842E-05,
    -0.001359834,
    -0.0052132383,
    -0.007212744,
    -0.00328766322,
    0.00478343526,
    0.01047951,
    0.008545886,
    -0.000428720727,
    -0.010293101,
    -0.0135067115,
    -0.00720922556,
    0.0034553078,
    0.009691365,
    0.007828853,
    0.00223416742,
    -0.00110209465,
    -0.00103995833,
    -0.000195582208,
    -0.000236919164,
    -0.000616759062,
    -0.000630765338,
    -0.000399498735,
    -0.000277908955,
    -0.00025304468,
    -0.0002248009,
    -0.000207925274,
    -0.000174837522,
    -0.000129570224,
    -6.208473E-05,
    0.0
  ],
  "highPassFrequencyCut": 0.3,
  "lowPassFrequencyCut": 55.5
}